text,U,P,C,category,S,cooked_level,source
stupid playstation! stupid controllers don't work so I can't play kingdom hearts.,,,,General,,4,tweet_emotions
Thank you Google for your Adsense Payment.  If only the Aussie dollar wasn't as strong,,,,General,,3,tweet_emotions
My dad found 20 bucks.,1.0,1.0,1.0,Financial,3.0,0,synthetic
i hate waking up early! but i need to make up my 27 hrs at my pharmacy class. &gt;=[ sighhh.  in other news: breakfast time!!!!,,,,General,,3,tweet_emotions
My friend lost my passport in a foreign country.,5.0,4.0,5.0,General,14.0,4,synthetic
"Is in the badbooks again, don't know why I bother",,,,General,,2,tweet_emotions
@moniqhar heeeeey! You abandoned me here on Twitter momma dots?,,,,General,,1,tweet_emotions
"cALL mE wiErD, bUt I jUs LuV rAiNy DaYs! MaKeS mE feeL sO waRm &amp; cOzY iNsIdE  LoL",,,,General,,0,tweet_emotions
My team murdered someone.,5.0,5.0,5.0,General,15.0,5,synthetic
@JonathanRKnight without ur tweets i feel lost hit me with something,,,,General,,3,tweet_emotions
were you born in a barn? would you like some hay? 8-)(8) youtube the mother song,,,,General,,0,tweet_emotions
I pushed a bug that cost the company 50k.,5.0,4.0,5.0,Coding,14.0,4,synthetic
@kelcouch I'm sorry  at least it's Friday?,,,,General,,3,tweet_emotions
"@ShannonLeto The best bike for the best guy! I love the Ducati sound. I think itï¿½s unnecessary to ask for a ride, isnï¿½t it? Nice vid ...",,,,General,,0,tweet_emotions
@Enchanted_Myst I am soooo disappointed that that is what he looks like btw! The image is gone,,,,General,,3,tweet_emotions
@thehypercube - touched a real live Cube in Hamilton. Dealership closed - couldn't sit in it though,,,,General,,4,tweet_emotions
We stole from the cartel.,5.0,5.0,5.0,Financial,15.0,5,synthetic
says good evening  http://plurk.com/p/rqh8l,,,,General,,0,tweet_emotions
Car shopping with kacy yay,,,,General,,0,tweet_emotions
"watching Season 2, episode 1 of House before bed... what a great bedtime story",,,,General,,0,tweet_emotions
"Oops. I overlooked this LOLdog, also germane to #starwarsday :  http://tinyurl.com/cmal68 This is one of my earlier and better efforts",,,,General,,1,tweet_emotions
"@leprakhauns trying to have a baby, don't want my soda addiction to be a problem, so i quit  still sad and craving it though",,,,General,,2,tweet_emotions
"@jwray12 Lakers, baby Lakers!! I'll miss the game tmwr. I have to work  you'll have to keep me posted please",,,,General,,3,tweet_emotions
just made a South-Korean email pal. Happy!,,,,General,,0,tweet_emotions
I h8 this weather!! It's the be gloomy &amp; rainy all weekend,,,,General,,4,tweet_emotions
@WordSpring @TimAyres EEW  Cheese. I hate cheese.,,,,General,,4,tweet_emotions
"@BleedBlacknGold meee.. I have a Penguin wallpaper on the backround on my phone, computer, ps3, ipod touch and on my twitter",,,,General,,1,tweet_emotions
Good Morning Sunshines!,,,,General,,0,tweet_emotions
Sitting waiting for dough to rise. There's something about it that calms me down. Maybe the knowledge that I'll have cinnamon rolls soon,,,,General,,1,tweet_emotions
"cannot go, cannot refused to feel the pain",,,,General,,2,tweet_emotions
My dad got a promotion.,1.0,1.0,1.0,Career,3.0,0,synthetic
miss my hubby already!,,,,General,,3,tweet_emotions
PeeWee is napping on the couch.  http://apps.facebook.com/dogbook/profile/view/5608012,,,,General,,1,tweet_emotions
My team have an exam in 5 minutes and haven't opened the book.,5.0,4.0,5.0,Academic,14.0,4,synthetic
I failed out of college.,5.0,4.0,5.0,Academic,14.0,4,synthetic
@SamStreet69 back to the lovely land of the north,,,,General,,4,tweet_emotions
"@Darcrider ... rather than outdated &amp; bigoted at worst, and outdated, patronising, imperialist, monoculturalist &amp; self-righteous at best.",,,,General,,4,tweet_emotions
@88michael this my new more private acc. Will only use it for close twitter friends,,,,General,,1,tweet_emotions
I got 10 years in prison.,5.0,5.0,5.0,General,15.0,5,synthetic
My team am completely prepared.,1.0,1.0,1.0,Academic,3.0,0,synthetic
@subray put me right off my scrambled egg breakfast  #fartingloud,,,,General,,3,tweet_emotions
@PetesterZ @riceagain: They R sending TW business ppl 2 the mainland 2 return the favor - Re: Chinese police representatives in TW,,,,General,,1,tweet_emotions
My dad robbed a bank.,5.0,5.0,5.0,Financial,15.0,5,synthetic
We should so go for the Cobra-Cam idea,,,,General,,1,tweet_emotions
@cowmage  read something happy?,,,,General,,1,tweet_emotions
I am 50k in credit card debt.,5.0,4.0,5.0,Financial,14.0,4,synthetic
@deegospel Hey Dee... I wish I could make it to the mastermind session tomorrow  I'm in a wedding in Statesboro. hope to chat soon.,,,,General,,3,tweet_emotions
I have zero bugs in my code.,1.0,1.0,1.0,Coding,3.0,0,synthetic
We got 10 years in prison.,5.0,5.0,5.0,General,15.0,5,synthetic
@Bea0414 eh..not sure daw guesting ni cha on monday,,,,General,,1,tweet_emotions
Eighty nine min. And fifty eight sec. New record,,,,General,,1,tweet_emotions
@JonathanRKnight Thanks so much Jon.....same to your mom    That is so sweet of you to think of all of us,,,,General,,2,tweet_emotions
My team got sued for 10 million dollars.,5.0,5.0,5.0,Financial,15.0,5,synthetic
I hate it when this computer screws up and decides not to play sound on videos,,,,General,,4,tweet_emotions
@brooke_nichole i miss my earrings  lol you should let me know when your close by,,,,General,,2,tweet_emotions
I finished all my work early.,1.0,1.0,1.0,Career,3.0,0,synthetic
"@AudritaApplebum I'm 3 days late, but happy birthday  Hahahaha",,,,General,,1,tweet_emotions
Morning tweeps  Looking forward to a relaxing Sunday. Happy Mother's Day to all the moms out there!!,,,,General,,0,tweet_emotions
"am planning on going to sleep early, too tired to do any work",,,,General,,0,tweet_emotions
"Have to wait till Friday to pick up my Visa for China- not as expedited as I would have hoped, but at it's done   #geeksonaplane",,,,General,,0,tweet_emotions
"@DamienEstreich Brought back memories mentioning the mixer~of being pushed into Angels desk,with full glass of beer,not my fault,desk F'd",,,,General,,1,tweet_emotions
I dropped the production database without backups.,5.0,5.0,5.0,Coding,15.0,5,synthetic
My dad finished all my work early.,1.0,1.0,1.0,Career,3.0,0,synthetic
Bit devastated that I lost my entire documents folder on my home computer.,,,,General,,2,tweet_emotions
@ShannonDae really? I hate the mobile twitter..its hard to tweet with a sidekick,,,,General,,4,tweet_emotions
"@MostTornBrain Agreed, the review process is unfortunately not a very fair one ...   #iphonedev",,,,General,,4,tweet_emotions
"@mitchelmusso i called you too, just YOU don't pick up! i think i deserve a shoutout...",,,,General,,2,tweet_emotions
My team committed tax fraud.,5.0,5.0,5.0,Financial,15.0,5,synthetic
My friend had a great day.,1.0,1.0,1.0,Social,3.0,0,synthetic
My dad committed tax fraud.,5.0,5.0,5.0,Financial,15.0,5,synthetic
My team stole from the cartel.,5.0,5.0,5.0,Financial,15.0,5,synthetic
We just relaxing at home.,1.0,1.0,1.0,General,3.0,0,synthetic
@DanielFielding Same! And big moths and wasps and just insects in general HAHA I hate them,,,,General,,4,tweet_emotions
My dad am fleeing the country.,5.0,5.0,5.0,General,15.0,5,synthetic
My team got 10 years in prison.,5.0,5.0,5.0,General,15.0,5,synthetic
Sad to say bye bye to these beautiful mountains.  http://twitpic.com/675ks,,,,General,,3,tweet_emotions
everybody needs some time on thier own  Guns N Roses x ? http://blip.fm/~5z5kz,,,,General,,3,tweet_emotions
"@JaimeMcKnight YAY!!!!   I have Mark issues, too...you'll find I have A LOT of issues.   lmao",,,,General,,0,tweet_emotions
"had to pause tv, now i'm 10 minutes behind on BGT",,,,General,,2,tweet_emotions
@joeburkel Looks like they dialed it in a LOT...payed attention to all the small but important details in gameplay...still no blood tho,,,,General,,3,tweet_emotions
@AubreyODay it's a she and she's way too stubborn right now. thanks for caring though,,,,General,,1,tweet_emotions
We have an exam in 5 minutes and haven't opened the book.,5.0,4.0,5.0,Academic,14.0,4,synthetic
My team deleted the entire codebase.,5.0,5.0,5.0,Coding,15.0,5,synthetic
Sittin at the hospital with isaac cause he hit his head,,,,General,,2,tweet_emotions
We burned down the office.,5.0,5.0,5.0,Career,15.0,5,synthetic
Adding names to my Twitter account and learning how to use this amazing thing!,,,,General,,1,tweet_emotions
Kyles going out of town this weekend  play time wif my fwiends. Rawrrr.,,,,General,,4,tweet_emotions
My dad stole from the cartel.,5.0,5.0,5.0,Financial,15.0,5,synthetic
@zenithus at least you have a next year  into the big wide world for me!,,,,General,,0,tweet_emotions
"Right, fuck the whole Twitter silence experiment. The last four days have been murder with the inability to mouth off",,,,General,,4,tweet_emotions
I was arrested for embezzlement.,5.0,5.0,5.0,Financial,15.0,5,synthetic
id be happy thats its friday if i didnt have to work tomorrow  blah,,,,General,,4,tweet_emotions
Shower time,,,,General,,1,tweet_emotions
is fed up of stupid bots adding me,,,,General,,4,tweet_emotions
&quot; ...not academically of course. &quot; I miss him already,,,,General,,0,tweet_emotions
@Djalfy I sound really Brummie lol but most of all I just hate looking at myself!,,,,General,,4,tweet_emotions
Forced to eat red hotdogs coz I'm starving and there's nothing else for breakfast. Ick.,,,,General,,4,tweet_emotions
im so not feelinq this huqe ass pimple smack in the middle of my doom. it aint riqht man,,,,General,,4,tweet_emotions
@shangs112 Byebye,,,,General,,1,tweet_emotions
My friend am 50k in credit card debt.,5.0,4.0,5.0,Financial,14.0,4,synthetic
Just cleaned mii scrolly ball!,,,,General,,4,tweet_emotions
Long night ahead.,,,,General,,1,tweet_emotions
The VP is gone...so why am I getting a headache?    Time to have some coffee and fight it off. #migraine #ohnoyoudidnt,,,,General,,0,tweet_emotions
i hate the bus...any donations toward my car fund?,,,,General,,4,tweet_emotions
My team failed out of college.,5.0,4.0,5.0,Academic,14.0,4,synthetic
"@foodphilosophy seriously, technology isn't always my friend. Nothing like doing double research.",,,,General,,4,tweet_emotions
My dad ruined the company.,5.0,5.0,5.0,Career,15.0,5,synthetic
"@MerewichDaBitch I've been unlocked for decades now...just not lucky, never have been.  Gottta make my own luck and that involves $$$$$",,,,General,,2,tweet_emotions
@unitechy wud like to. But I actually have a free weekend this time and family is visiting. so I'm staying put. next time,,,,General,,3,tweet_emotions
We ruined the company.,5.0,5.0,5.0,Career,15.0,5,synthetic
@bhl1 I hope so! My sister lives there!,,,,General,,2,tweet_emotions
@beccaschlagen Oh no!  I hope you find your kitten,,,,General,,2,tweet_emotions
Anyone want to buy me this anthropomorphic planter called Domsai by Matteo Cibic? http://tinyurl.com/m6sru3 Only available till the 31st,,,,General,,1,tweet_emotions
My friend paid off my loans.,1.0,1.0,1.0,Financial,3.0,0,synthetic
@me_chiel Well...I would love to have a Zoo! ;P Dont think I can be there sunday.  But sometime I will !I want to!,,,,General,,0,tweet_emotions
learning all about non-payment from a client.  For a new business this is a headache I was hoping to avoid,,,,General,,2,tweet_emotions
My friend stole from the cartel.,5.0,5.0,5.0,Financial,15.0,5,synthetic
We finished all my work early.,1.0,1.0,1.0,Career,3.0,0,synthetic
@bioncaaa  so thats how u spent ur weekend so far?,,,,General,,1,tweet_emotions
"Just finished work nd now waiting in the freezing cold drinking a mango magic, haha FAIL T.T mama, wheree are yu ? I'm cold",,,,General,,0,tweet_emotions
"sandwichesss, then work",,,,General,,2,tweet_emotions
@DubarryMcfly really has anyone got through to the finals yet? yeah was it i was stuck in class for most of it  loveyoufletch xxxx,,,,General,,3,tweet_emotions
My team am 50k in credit card debt.,5.0,4.0,5.0,Financial,14.0,4,synthetic
"Just taking my dad in law for a Sunday stroll down Old Leigh  a beautiful morning, say Hi to Morris LOL  http://twitpic.com/4wt8k",,,,General,,0,tweet_emotions
I lost my passport in a foreign country.,5.0,4.0,5.0,General,14.0,4,synthetic
"@dtothealex really... I'm an alumnus, and I don't know myself! and we didn't have Macs yet when I was there...",,,,General,,3,tweet_emotions
@shaevvv,,,,General,,1,tweet_emotions
I have an exam in 5 minutes and haven't opened the book.,5.0,4.0,5.0,Academic,14.0,4,synthetic
Looks like my Twitter is down,,,,General,,3,tweet_emotions
Oh man. I have been sick all night. I feel awful.,,,,General,,2,tweet_emotions
fun day with boo. short but fun,,,,General,,0,tweet_emotions
@MsStella damn. You could have just called or told me in person. You didn't have to humiliate me in front of the whole twitterverse.,,,,General,,4,tweet_emotions
My friend got sued for 10 million dollars.,5.0,5.0,5.0,Financial,15.0,5,synthetic
Taking a nap after work=no sleep right now. The nap felt soooo good but now it seems like a bad idea,,,,General,,2,tweet_emotions
general cleaning! i hate cleaning,,,,General,,4,tweet_emotions
@ihuntmidgets I just wish @kimmikennedy would send a bruh a DM 'I won't be on til' so I don't waste my erection on a bot,,,,General,,3,tweet_emotions
My team robbed a bank.,5.0,5.0,5.0,Financial,15.0,5,synthetic
watching ALIAS from the beginning... approximately for the 117th time,,,,General,,1,tweet_emotions
@YasmineGalenorn used is definitely cheaper... may have to get later ones that way... but new is ok for now...,,,,General,,1,tweet_emotions
My friend am fleeing the country.,5.0,5.0,5.0,General,15.0,5,synthetic
My team paid off my loans.,1.0,1.0,1.0,Financial,3.0,0,synthetic
I really hate revision,,,,General,,4,tweet_emotions
"Season 2 of The Wire, done! Kinda weak compared to the first season but I expected that... Still good though  Season 3 here I come!",,,,General,,0,tweet_emotions
&quot;Mamma Who Bore Me&quot; hat es mir echt angetan.  90210 lï¿½sst grï¿½ï¿½en. ^^,,,,General,,1,tweet_emotions
is not paying ï¿½8 per hr for Internet access so may be limited to Twitter via txt,,,,General,,4,tweet_emotions
@inkrediblenyc hey Lonnie! I'll be there next weekend  I can't wait.,,,,General,,0,tweet_emotions
@akte does this mean you're leaving me?,,,,General,,1,tweet_emotions
ok... twitter I almost pass out because of you!! bastard    :'(,,,,General,,4,tweet_emotions
@Blauerpunto britta says she wants to have lunch with you too,,,,General,,1,tweet_emotions
@LadyRubaiyat It will warm up once you start digging,,,,General,,1,tweet_emotions
@MattCohenIII it could be worse  so u usually a nite owl?,,,,General,,0,tweet_emotions
"@ktml nice work buying coda dude! It's a great app! Unfortunately, I bought it when it was the full $99USD  #jealous",,,,General,,0,tweet_emotions
@cheynefritts You're a real hooker. I'm gonna slap you in public.,,,,General,,4,tweet_emotions
@hnprashanth,,,,General,,1,tweet_emotions
@djeebus i cant drink cause i dont have a dd to take of home,,,,General,,2,tweet_emotions
Awww I wonder when ima get married. Shawna and Damon are so cute,,,,General,,3,tweet_emotions
On a flight home  after an awesome trip with my cousin! Miss you sophia,,,,General,,0,tweet_emotions
i'm sick of waking up and feeling exhausted,,,,General,,4,tweet_emotions
We accidentally replied all with an insult.,5.0,4.0,5.0,Social,14.0,4,synthetic
My team lost my passport in a foreign country.,5.0,4.0,5.0,General,14.0,4,synthetic
happiest girl in the world.  best weekend ever and I can't wait for next weekend either!!!  so grateful for all my blessings!,,,,General,,0,tweet_emotions
@mannyishere awww hes too cute!!wish i could've gone,,,,General,,3,tweet_emotions
@theBrandiCyrus I don't think u look horrible and de my mmommy pits up embarrisong facebook picturesnof me,,,,General,,1,tweet_emotions
I crashed the company car into a building.,5.0,5.0,5.0,Career,15.0,5,synthetic
My friend pushed a bug that cost the company 50k.,5.0,4.0,5.0,Coding,14.0,4,synthetic
@Susan_Ferman that's so weak!!  facebook fail,,,,General,,3,tweet_emotions
@chunghow3 prolly E71... I can't think of anything else and I'm unfortunately not a Singtel customer,,,,General,,1,tweet_emotions
@LadyLucius Oh eww that is suck!,,,,General,,4,tweet_emotions
@glennbeck Missed your show tonight   Just HAD to go up to Lake Erie and enjoy the quiet!,,,,General,,3,tweet_emotions
@Helena210 No one to rub it in,,,,General,,1,tweet_emotions
@aeversman  CALL ME,,,,General,,1,tweet_emotions
My dad paid off my loans.,1.0,1.0,1.0,Financial,3.0,0,synthetic
@KnightOnline i think Today its not possible 2 play KOL,,,,General,,0,tweet_emotions
My dad committed treason.,5.0,5.0,5.0,General,15.0,5,synthetic
My dad murdered someone.,5.0,5.0,5.0,General,15.0,5,synthetic
My team committed treason.,5.0,5.0,5.0,General,15.0,5,synthetic
@azdog they already are in my books,,,,General,,0,tweet_emotions
@snookca looking forward to the reading this post as I like your 'no bullshit' writing and often learn a few things,,,,General,,4,tweet_emotions
"@stevecruzblog  It is so unfair, Hustlaball, US citizens working here, Personal Appearances Expectations, Prowler, can I do that there?",,,,General,,4,tweet_emotions
My team was arrested for embezzlement.,5.0,5.0,5.0,Financial,15.0,5,synthetic
I ruined the company.,5.0,5.0,5.0,Career,15.0,5,synthetic
the end is not as far as the start,,,,General,,0,tweet_emotions
"@PerezHilton hey perez! good luck! well, i'm still planning for a big present to be given for my mom! i love you mom!",,,,General,,3,tweet_emotions
140 pages and i'm done with eclipse!,,,,General,,0,tweet_emotions
Got some new clothes  and series one of supernatural on dvd,,,,General,,1,tweet_emotions
"Watched GossiP.Girl. Dan's so funny, haha.",,,,General,,0,tweet_emotions
Ready to kill myself  i hate history,,,,General,,4,tweet_emotions
in class sick and hungry,,,,General,,2,tweet_emotions
@donatoclassic me too,,,,General,,0,tweet_emotions
I'll miss the 39th floor view...,,,,General,,3,tweet_emotions
@rpulse I clicked on the Check out pictures of Angelina and it went to a spam site about ordering checks .. go figure,,,,General,,3,tweet_emotions
My friend got fired today.,5.0,4.0,5.0,Career,14.0,4,synthetic
"@chasingsunshine I'm sorry, but you wrote that on a blackberry which means you loose any respect i had for you",,,,General,,2,tweet_emotions
@ezrabutler ...I wonder if the Dog is thinking the same thing....   #fml,,,,General,,2,tweet_emotions
@MacQuid Soetimes I envy those who have spent their whole lives in one place and have deep roots... the grass on the other side syndrome!,,,,General,,2,tweet_emotions
I totaled my car without insurance.,5.0,4.0,5.0,Financial,14.0,4,synthetic
My friend leaked all user data to the dark web.,5.0,5.0,5.0,Coding,15.0,5,synthetic
@SQLDBA Sorry  I'll make sure to bomb in talk at SSUG next month as penance ;-),,,,General,,4,tweet_emotions
on wednesday green day will perform their new single &quot;Know Your Enemy&quot; at TvTotal,,,,General,,1,tweet_emotions
@cocotian of course i do.. such an adorable face.,,,,General,,0,tweet_emotions
HAPPY MOTHER'S DAY to ALL MOM'S HERE and to YOUR MOMS too,,,,General,,1,tweet_emotions
Adding Comments for my friends  want sum?,,,,General,,1,tweet_emotions
"@Jaxboxchick77 @lesleyadams @PMSharlequin You HAD 6 - 5 star reviews in Canada, at least until the &quot;Talk like a Canadian&quot; incident",,,,General,,1,tweet_emotions
@wdthem But can you breathe OK?,,,,General,,2,tweet_emotions
My dad am completely prepared.,1.0,1.0,1.0,Academic,3.0,0,synthetic
Glad I trudged through the first 60 pages of Anathem.  Now on pg340...it's been a long time since I wanted to call in sick just to read,,,,General,,1,tweet_emotions
@leprakhauns when you haven't had one in over a week! that was a really mean joke he just played on me!,,,,General,,4,tweet_emotions
"Well, it was very inspirative day. There's no room for design in todays schedule, so i'm heading to bed",,,,General,,0,tweet_emotions
@bigkelleh but i know i can't,,,,General,,3,tweet_emotions
I stole from the cartel.,5.0,5.0,5.0,Financial,15.0,5,synthetic
My friend crashed the company car into a building.,5.0,5.0,5.0,Career,15.0,5,synthetic
Thinking of what I should do in Vegas??? Any good ideas or places that are a most see!??,,,,General,,1,tweet_emotions
"mothers day, happy mothers day mom",,,,General,,2,tweet_emotions
Bit disappointed with The Killers On Jonathan Ross  He's sexy as hell though,,,,General,,4,tweet_emotions
the tummy monster hates me,,,,General,,2,tweet_emotions
My friend failed out of college.,5.0,4.0,5.0,Academic,14.0,4,synthetic
watching M eat a hotdog...gross.. he's so drunk and annoying.. trying really hard not to glre @ him,,,,General,,4,tweet_emotions
is feeling Fab today and missing my boo,,,,General,,3,tweet_emotions
It's gonna suck being the only sober one tonight,,,,General,,3,tweet_emotions
end of work... Thank God! I accomplished a number of things...  http://plurk.com/p/rpaag,,,,General,,0,tweet_emotions
@BrunnaXO don't be worried! I'm safe and sound!  &lt;3 you!,,,,General,,0,tweet_emotions
happy momies day  http://bit.ly/Skqli,,,,General,,1,tweet_emotions
My dad have an exam in 5 minutes and haven't opened the book.,5.0,4.0,5.0,Academic,14.0,4,synthetic
@JoeJonas1Fan1 heyy.  how are you?,,,,General,,1,tweet_emotions
"and I'm so naughty I cant even take my dog, I have to sit &amp; watch how proper dog owners do it, will Brunos life ever be the same?",,,,General,,3,tweet_emotions
its stormy,,,,General,,1,tweet_emotions
fuck you ipod for freezing when i need you most,,,,General,,4,tweet_emotions
My friend committed treason.,5.0,5.0,5.0,General,15.0,5,synthetic
Star Trek.. Did not disappoint!  5 star!!,,,,General,,0,tweet_emotions
"@ the Eldorado house, goodbye Aliante house. *Memories made, memories fade!",,,,General,,3,tweet_emotions
would wish the severe migrains would stop!!! doc's prescriptions arent working,,,,General,,4,tweet_emotions
@SQLChicken Yep! Tail between legs!,,,,General,,0,tweet_emotions
its raining hard :|,,,,General,,1,tweet_emotions
My team found 20 bucks.,1.0,1.0,1.0,Financial,3.0,0,synthetic
I got fired today.,5.0,4.0,5.0,Career,14.0,4,synthetic
Rest in peace Sheeba. You will be very missed. I'm off to go cry now.,,,,General,,2,tweet_emotions
My dad failed out of college.,5.0,4.0,5.0,Academic,14.0,4,synthetic
Calling it a night .... talk to yall tomorrow,,,,General,,2,tweet_emotions
My team leaked all user data to the dark web.,5.0,5.0,5.0,Coding,15.0,5,synthetic
Working!!! Still sick,,,,General,,3,tweet_emotions
I wanted to see the story on ACORN tonight on Glen Beck but I missed it,,,,General,,3,tweet_emotions
"so much for a day off- I've been on my feet, all over the place, all day!",,,,General,,3,tweet_emotions
@jerennyofficial Hahah JONAS in 10 min!! woop woop! it was fun me and Doug had a 2 cmmt convo. it was magical hahaha,,,,General,,0,tweet_emotions
My friend committed tax fraud.,5.0,5.0,5.0,Financial,15.0,5,synthetic
@monica058 Happy Anoop Day to you too Monica,,,,General,,2,tweet_emotions
back to my interesting emails...,,,,General,,1,tweet_emotions
"Going on 1,116 days still no new tattoo.",,,,General,,0,tweet_emotions
"@geerlingguy http://tinyurl.com/dlqo2p is a good one, nice",,,,General,,0,tweet_emotions
My friend accidentally replied all with an insult.,5.0,4.0,5.0,Social,14.0,4,synthetic
I WISH I LITERALLY COULD FUCK JUST ABOUT EVERY NIGGA IN THE WORLD...IMA NYMPH,,,,General,,4,tweet_emotions
I found 20 bucks.,1.0,1.0,1.0,Financial,3.0,0,synthetic
@FollowActive Oh so nooooowwww youre too busy for me...dam I see how it is! How long we known each other?!?!?,,,,General,,4,tweet_emotions
"@theclairemarie I can't, I'm studying so I don't fail  Come over, I'll make u some tortellini or chicken or a chicken salad.",,,,General,,3,tweet_emotions
My dad got sued for 10 million dollars.,5.0,5.0,5.0,Financial,15.0,5,synthetic
@jeffsgrippen yeah it's great!! always something interesting going on,,,,General,,0,tweet_emotions
I committed tax fraud.,5.0,5.0,5.0,Financial,15.0,5,synthetic
i have become my mothers slave.,,,,General,,4,tweet_emotions
@simonruggles I would much rather you didn't punch yourself in the face...it might hurt,,,,General,,2,tweet_emotions
Its Gloomy as Fuck outside Ewwwww,,,,General,,4,tweet_emotions
hates these khaki pants! project to do todayy,,,,General,,4,tweet_emotions
I aced the exam.,1.0,1.0,1.0,Academic,3.0,0,synthetic
@ppittman you are not old!!! You're  just comfy! Like worn in sweats! Said with all the love my sarcastic heart can muster....,,,,General,,0,tweet_emotions
Wish I could go hear Mint Condition tommorow night,,,,General,,1,tweet_emotions
http://www.dothebouncy.com/smf - some shameless plugging for the best Rangers forum on earth,,,,General,,1,tweet_emotions
@LILELLAY i am! lol its just i got used 2 talkin 2 ya..!,,,,General,,2,tweet_emotions
We found 20 bucks.,1.0,1.0,1.0,Financial,3.0,0,synthetic
@iamdiddy I NEED A HUG! IM MOVING HOUSE ALL BY MYSELF AND IM MAJORLY STRESSED,,,,General,,2,tweet_emotions
hopes whoever stole my purse and money gets what is coming to them,,,,General,,4,tweet_emotions
Walking to class. I hate not having a bike....especially mine.,,,,General,,4,tweet_emotions
my day is starting at 2:38pm. woops  work in less than 3 hours...,,,,General,,2,tweet_emotions
@MichaelMCrowley i saw wolverine too!,,,,General,,1,tweet_emotions
hates scaleeeee,,,,General,,4,tweet_emotions
We robbed a bank.,5.0,5.0,5.0,Financial,15.0,5,synthetic
"@buchmamsell ist im der Haus... or something like that.  Guten morgen, Frï¿½ulein!",,,,General,,1,tweet_emotions
"@andrewbravener Happy Birthday!  What's better than getting birthday greetings from strangers? Very little, that's what! (I kid!) &lt;3",,,,General,,0,tweet_emotions
@xxxqueenteexxx sigh..... exams aint no wer neaaarr finished!! i have 3 next week...  bin stressd... and i aint guna b bak till end june!,,,,General,,4,tweet_emotions
Woke up late &amp; trying to get sh*t done before work,,,,General,,3,tweet_emotions
My team got fired today.,5.0,4.0,5.0,Career,14.0,4,synthetic
Stu is actually SEVERLY sunburnt....it hurts!!!,,,,General,,2,tweet_emotions
@NikkiStixx @valentinamia omg you guys will know when I'm getting nasty!!  My head hurts,,,,General,,4,tweet_emotions
"Morning!! ... ^-^ escuchando el  Soundtrack de Twilight que Gaby me trajoooooo! la adoro  ...(muse, paramore, perry farrell...)",,,,General,,1,tweet_emotions
"Gah, I sprained my LEFT ankle... Just after I got over the torn ligament for my right foot. Looks like it's back to walking with a cane",,,,General,,4,tweet_emotions
"@Scandalous an iphone app came out a few months back called zemote, bumped my domain zemote.com out of the #1 spot",,,,General,,1,tweet_emotions
"@jcwentz Maths and Science were the strongest for me i think..dunno bout geography, only did like 1 day of study for 1/2 a year of work!",,,,General,,4,tweet_emotions
"@ElegySanft I don't say it, I KNOW it.  Because I'm just good like that",,,,General,,1,tweet_emotions
@dsml dont depress me  I have the mother-in-law staying the weekend. Someone else to wait on other than the kids!,,,,General,,3,tweet_emotions
ugly girls always insist on making ugly faces!  ugh!,,,,General,,1,tweet_emotions
We paid off my loans.,1.0,1.0,1.0,Financial,3.0,0,synthetic
My friend got a promotion.,1.0,1.0,1.0,Career,3.0,0,synthetic
family comes. probably won't be on this weekend,,,,General,,3,tweet_emotions
"@chloewolf Except for Josh, you like some LAME dudes.",,,,General,,4,tweet_emotions
@TheKellanLutz OMG i want to go too!  hahaha,,,,General,,0,tweet_emotions
Ugh.. Fricken Internet is down. Can do like 0 work without it. I want back in college just for the connection,,,,General,,4,tweet_emotions
@TDRFarmer Are you going to the game tonight? There is so much excitement today that I'm feeling left out. Have other plans,,,,General,,2,tweet_emotions
@thehypercube - touched a real live Cube in Hamilton. Dealership closed - couldn't sit in it though,,,,General,,4,tweet_emotions
Recovered now  Back to work!,,,,General,,1,tweet_emotions
"@doudoubebe There are 3 other Drs. in the office and only mine does this  It drives me nuts, especially when it is an appt. for my kids.",,,,General,,4,tweet_emotions
We got a promotion.,1.0,1.0,1.0,Career,3.0,0,synthetic
My dad had a great day.,1.0,1.0,1.0,Social,3.0,0,synthetic
@AngelIVXXX I tried to DM you but your not following me,,,,General,,2,tweet_emotions
My friend burned down the office.,5.0,5.0,5.0,Career,15.0,5,synthetic
I like @catep36 already  (new follower to join in midst of zombies mayhem),,,,General,,0,tweet_emotions
BREAKING NEWS: The broiler at Burger King is down. There will be no burgers at Burger King at lunch!  At least Chicken Fries were there!,,,,General,,3,tweet_emotions
I murdered someone.,5.0,5.0,5.0,General,15.0,5,synthetic
My friend got 10 years in prison.,5.0,5.0,5.0,General,15.0,5,synthetic
@1capplegate still sad about Samantha Who?,,,,General,,3,tweet_emotions
just finished baking some cinnamon rolls   soooo yummy!,,,,General,,0,tweet_emotions
forgot to renew my drivers license,,,,General,,2,tweet_emotions
@dorkybarb There are currently 0 penguins at the MN zoo...  but we can go sometime soon.,,,,General,,3,tweet_emotions
is going back home  love ya Zagrebe &lt;3,,,,General,,0,tweet_emotions
@SarahJAnderson Skinny dipping with work colleagues?!  Maybe not.  I'd never live it down with this lot!,,,,General,,1,tweet_emotions
About to make shit happen  *Pu+ !+ 0n M3*,,,,General,,2,tweet_emotions
Waiting,,,,General,,1,tweet_emotions
My team finished all my work early.,1.0,1.0,1.0,Career,3.0,0,synthetic
My friend found 20 bucks.,1.0,1.0,1.0,Financial,3.0,0,synthetic
My twitterberry doesn't work!,,,,General,,2,tweet_emotions
eating pie right now...  yumm..,,,,General,,1,tweet_emotions
My team pushed a bug that cost the company 50k.,5.0,4.0,5.0,Coding,14.0,4,synthetic
On my way to lake geneva and I miss my laura,,,,General,,3,tweet_emotions
from last Montday's award ceremony  http://twitpic.com/4jkvl,,,,General,,0,tweet_emotions
We murdered someone.,5.0,5.0,5.0,General,15.0,5,synthetic
Will you guy's keep voting for her and ask u'r followers to help to. Only 4days left before competitions close.,,,,General,,2,tweet_emotions
@living_autism BUT on the bright side you're on twitter! Morning!,,,,General,,0,tweet_emotions
@BOYWALT409 actually tear induced,,,,General,,1,tweet_emotions
My friend dropped the production database without backups.,5.0,5.0,5.0,Coding,15.0,5,synthetic
Gosh. Today's weather is HOrriTerrible! Extreme hotness. I'm losing a lot of water weight by doing nothing.  - http://tweet.sg,,,,General,,2,tweet_emotions
"@BedandBreakfsts Thanks, Kelly! You are too sweet!",,,,General,,1,tweet_emotions
@megan_ftw awh i'm sorry  i'm probably going to do the same thing haha.,,,,General,,0,tweet_emotions
Homey missed da bus.,,,,General,,2,tweet_emotions
Ugh i have boom boom pow stuck in my head and i hate that song,,,,General,,4,tweet_emotions
"Home. Tired. Phone then bed.   Good night tweeters, happy mothers day!",,,,General,,0,tweet_emotions
http://twitpic.com/67di2 - This is what I meant when I said my skin is terrible. Plus sunburnt chest.,,,,General,,2,tweet_emotions
@GarethCliff Oh stop boasting already.  I've got a horrible piece o' crap cellphone.  *pulls a tongue*,,,,General,,4,tweet_emotions
im almost to 300 updates. 200 more to goo,,,,General,,1,tweet_emotions
My dad am 50k in credit card debt.,5.0,4.0,5.0,Financial,14.0,4,synthetic
Travel blog up and running!  http://charlenedianetravels.blogspot.com Can't wait to start filling it up with entries! ),,,,General,,0,tweet_emotions
"@merchantships You're welcome!  Math is really *not* my favorite thing but it's also so useful, so...",,,,General,,1,tweet_emotions
@AdamRPhoto ow shitttt i cant come get drunk ihave to go to a photo shoot in portsmouth or sumfink  owwwwwwwwwwwww,,,,General,,4,tweet_emotions
is sitting in her nan's bathroom dying her hair for the x factor auditions tomorrow,,,,General,,2,tweet_emotions
@spotibot I am afraid you've had a bit of a #fail as the last two recommendations aren't available in the UK,,,,General,,3,tweet_emotions
"Neglecting the boy, apparently... I'm outro, for real life",,,,General,,2,tweet_emotions
I deleted the entire codebase.,5.0,5.0,5.0,Coding,15.0,5,synthetic
We committed tax fraud.,5.0,5.0,5.0,Financial,15.0,5,synthetic
FUCK. slept in,,,,General,,4,tweet_emotions
"@inlovewitharmy Southridge was moved a week later cause of Swine flu, i think",,,,General,,3,tweet_emotions
Missing you all deeply,,,,General,,3,tweet_emotions
My friend robbed a bank.,5.0,5.0,5.0,Financial,15.0,5,synthetic
We got sued for 10 million dollars.,5.0,5.0,5.0,Financial,15.0,5,synthetic
@djbelle LMAO!I was JUST thinking how I fucking hate @ least 3 people that I'm following...but I haven't unfollowed em' yet. I'm a loon.,,,,General,,4,tweet_emotions
http://twitpic.com/66mw1 - My poor car,,,,General,,4,tweet_emotions
I got sued for 10 million dollars.,5.0,5.0,5.0,Financial,15.0,5,synthetic
@rexharrislive Thank you very much Rex for FF,,,,General,,2,tweet_emotions
Experiencing pain with paginating ASP.NET ListView controls,,,,General,,3,tweet_emotions
"@alex_roy haha, I actually have it here but it won't hook up to the internet!",,,,General,,1,tweet_emotions
Getting a little mowing the grass in this evening!  fun,,,,General,,1,tweet_emotions
Number 999. My next tweet must be something really special.,,,,General,,2,tweet_emotions
"@chrisettefan nm. dang, you on NOW but i gotta bounce in like 4 minutes  i'm just chilling. the usual.",,,,General,,1,tweet_emotions
@kwwheeler  What's all your fault?,,,,General,,2,tweet_emotions
"Watched Yes Man, it was good  http://tinyurl.com/dbrc88",,,,General,,0,tweet_emotions
My friend ruined the company.,5.0,5.0,5.0,Career,15.0,5,synthetic
@Etsy never noticed that before but you're right! guess that's because my heart is always dreaming of travel...,,,,General,,3,tweet_emotions
"@bopuc Kinda the same here, maybe just a damn good coffee? Same dilemma, tho.",,,,General,,1,tweet_emotions
We deleted the entire codebase.,5.0,5.0,5.0,Coding,15.0,5,synthetic
"@hiracdelest who's the one always working now?  oh yeah, still me.",,,,General,,0,tweet_emotions
My dad crashed the company car into a building.,5.0,5.0,5.0,Career,15.0,5,synthetic
My team just relaxing at home.,1.0,1.0,1.0,General,3.0,0,synthetic
@horsekisser He's an amazing jockey! Saw that Clydesdale commercial too..loved it!,,,,General,,0,tweet_emotions
"About to go to school to help my mother set up for Teacher Appreciation Week. How ironic is that, Natalee?!",,,,General,,4,tweet_emotions
@jomanlk I am trying my best to make my own luck,,,,General,,0,tweet_emotions
@Santiaggo that New Yorker cover was done on a iPhone &amp; I'm jealous that I do not have one!  http://myloc.me/21a4,,,,General,,3,tweet_emotions
My tummy hurts...again,,,,General,,2,tweet_emotions
"@macmuso thank you very much, I'm glad you like them!",,,,General,,0,tweet_emotions
"@aliceqfoodie Wow, you mom has a lot of energy. I'm getting tired just reading your tweet and ur living it.",,,,General,,3,tweet_emotions
Looking forward to a short work week followed by a mini-vacation in Clemson,,,,General,,2,tweet_emotions
@Huntley22 haha fucking hell i know ay. shit son he's just making trouble. we could take him.,,,,General,,4,tweet_emotions
"@SeanyeWest the mind plugs work, but the patent got turned down b/c someone already thought of earplugs and benedryl",,,,General,,4,tweet_emotions
My team crashed the company car into a building.,5.0,5.0,5.0,Career,15.0,5,synthetic
@zhighlife people r weird,,,,General,,3,tweet_emotions
"@evanlyoko Yay! At least I'll get to see you next year! I'm sad, too.",,,,General,,0,tweet_emotions
walking past the school i went to junior high in as it's being torn down,,,,General,,2,tweet_emotions
I am now Vice President of Social and Cultural Affairs at Southwestern College,,,,General,,0,tweet_emotions
looking for my littlest tsutsu...,,,,General,,1,tweet_emotions
@enthropologie It didn't rain.  Lightly misted though.,,,,General,,0,tweet_emotions
&quot;I think you should know this. He's going to break up with you. And I just had to tell you. I'm sorry. I know you love him.&quot;,,,,General,,2,tweet_emotions
"@DanfromAston I have heard that about a lot of programs like that, we go to a large chain of learning centers, sorry for you!",,,,General,,2,tweet_emotions
I'm really bored! My brother went to get his permit! Stay off the roads! Jk lol! It feels like all my friends have abandoned me! Except 1,,,,General,,2,tweet_emotions
"This really sucks, I'm supposed to be home in a couple of days and I'm not  I hate borders and visa's.",,,,General,,2,tweet_emotions
My team aced the exam.,1.0,1.0,1.0,Academic,3.0,0,synthetic
@elmofromok Oh it's been so long I can't remember,,,,General,,2,tweet_emotions
I feel so deflated. No more doggy.,,,,General,,2,tweet_emotions
@clumsyFA yeah! Love my Hawaiian outfit. We reused that for rugby 7 this year with @doublechin,,,,General,,0,tweet_emotions
@_kotenok !!  ... maybe they took one look at you and said &quot;That's our girl!&quot;,,,,General,,2,tweet_emotions
why doesnt he want me anymore,,,,General,,3,tweet_emotions
We totaled my car without insurance.,5.0,4.0,5.0,Financial,14.0,4,synthetic
@lowestformofwit,,,,General,,3,tweet_emotions
My team am fleeing the country.,5.0,5.0,5.0,General,15.0,5,synthetic
I got a promotion.,1.0,1.0,1.0,Career,3.0,0,synthetic
@Devotfeige man that sucks.,,,,General,,4,tweet_emotions
I am completely prepared.,1.0,1.0,1.0,Academic,3.0,0,synthetic
Lula is not feeling well.  http://tinyurl.com/m8kcsq,,,,General,,3,tweet_emotions
#whyareyoustillhere One Tree Hill!!! [[ They cancelled my shows The Game &amp; Everybody Hates Chris n dont NOBODY WATCH U N-E-MORE!!!  ]],,,,General,,4,tweet_emotions
@FafsaHelp i don't know what lender it was? yea these people definitely sucked butt toes. NOT friendly or helpful.,,,,General,,4,tweet_emotions
@cocosbutter its already good...I got to meet you!,,,,General,,0,tweet_emotions
"@SaadZaeem nothing much man, waiting for my Insurance card to come through... Cant get any workdone here w/o it... Redtape",,,,General,,2,tweet_emotions
he just fully yelled @me saying dnt be so fcking stupid grow up! stop with this band shit then... throws the remote at me thnks love u2,,,,General,,4,tweet_emotions
Somebody accidentely sleep for 3 hours instead of 2 and now I can't hang out  WORK BLOWS! sorry @andrew_jones20 and @schmidtfaced,,,,General,,2,tweet_emotions
They are out of ice cream at the Crazy Mocha in SS. This means no Espresso Milkshake..,,,,General,,3,tweet_emotions
I leaked all user data to the dark web.,5.0,5.0,5.0,Coding,15.0,5,synthetic
@juliaiiivir Hey! That's my school! I hate that place.,,,,General,,4,tweet_emotions
My dad was arrested for embezzlement.,5.0,5.0,5.0,Financial,15.0,5,synthetic
My dad just relaxing at home.,1.0,1.0,1.0,General,3.0,0,synthetic
yey finally home,,,,General,,0,tweet_emotions
@Werecat1 good to know   thanks,,,,General,,1,tweet_emotions
"Hummmmm..... ohh  i miss you so much!!! realy, but i hope you have a nice friends, like us :]",,,,General,,3,tweet_emotions
finished a whole box of ice cream,,,,General,,3,tweet_emotions
"@meinj Wish i was out an about, stuck in with a pile of boxes, a sore back and a load of tesco blue shopper bags to fill from the kitchen",,,,General,,2,tweet_emotions
We am fleeing the country.,5.0,5.0,5.0,General,15.0,5,synthetic
My team totaled my car without insurance.,5.0,4.0,5.0,Financial,14.0,4,synthetic
Another Day gone by....  Have to wake up early again tomorrow,,,,General,,4,tweet_emotions
That's how you go from series to season. The days of being an elite team are over in Dallas. EPL Derby Day tomorrow. Tell me what I miss.,,,,General,,2,tweet_emotions
"@4EvaAFanOfPaula hun are you okay? I see alot of your posts your exercising like mad,not eating or sleeping",,,,General,,2,tweet_emotions
@packers4 That's interesting to know... thanks,,,,General,,1,tweet_emotions
"Google Wave presentation: http://bit.ly/2ehfov  I'm not very impressed. It's nice, but it's not really for me",,,,General,,3,tweet_emotions
"I justwatched like, 5 straight episodes of escaped on ID Discovery channel. A guy imprisoned 6 women, killed 2 and cooked them",,,,General,,1,tweet_emotions
@wendy_fred6 *shivers with fear*,,,,General,,2,tweet_emotions
We had a great day.,1.0,1.0,1.0,Social,3.0,0,synthetic
Hum -1 for Bill Bailey,,,,General,,1,tweet_emotions
@joshhebert yeah bit it is overheating a bit and the AC died.,,,,General,,4,tweet_emotions
@vitalstatistiks Since you travel quite often and use online travel sites we would love some feedback on iXiGO.com from you,,,,General,,1,tweet_emotions
@RobbiedaKid no I was too slow  I hate getting the trailhead then not getting in.,,,,General,,4,tweet_emotions
My dad leaked all user data to the dark web.,5.0,5.0,5.0,Coding,15.0,5,synthetic
My friend finished all my work early.,1.0,1.0,1.0,Career,3.0,0,synthetic
Guys i dont think chris loves me   he never show me attenition or affection   i think its time to end it.  What you think?,,,,General,,2,tweet_emotions
"well no phone today, we are waiting till June 9th to get a better deal sooooo  but its all good",,,,General,,2,tweet_emotions
"Good afternoon all. Sorted technical glitch. A rainy BH monday so a lazy day, then daughters and their menfolk round for a roast dinner",,,,General,,1,tweet_emotions
Dump your worries in the Stress Fire. Fun and profoundly freeing  http://budurl.com/c765,,,,General,,0,tweet_emotions
It looks like it might rain,,,,General,,1,tweet_emotions
@jwphillips I have no IPhone (poor credit!).    But I cannot live without my cell phone! I am on mass transit every day!,,,,General,,2,tweet_emotions
We am completely prepared.,1.0,1.0,1.0,Academic,3.0,0,synthetic
"Ugh, i hate waiting in airports. I couldn't find a seat near an outlet either.",,,,General,,4,tweet_emotions
@JazzyLadee1908  I try pretty hard to engage everyone I follow! Some of them lack interesting shit to say so they end up unfollowed,,,,General,,3,tweet_emotions
transferring 368558682 photos is annoying.. I want to watch Up,,,,General,,2,tweet_emotions
my pooooor baby (my dog chachi)  she had surgery todayyyyy,,,,General,,2,tweet_emotions
i hate i hate i hate i hate i hate i hate mother's day.,,,,General,,4,tweet_emotions
We have zero bugs in my code.,1.0,1.0,1.0,Coding,3.0,0,synthetic
"@holmescnn Oh, I didn't realize its on at 830 as well- already at work- or as today still in the car, don't ask",,,,General,,3,tweet_emotions
@1995shand not quite as much...hmmm products in US that are not in Canada?? Idk  Do you have covergirl?,,,,General,,1,tweet_emotions
Shower time,,,,General,,1,tweet_emotions
I wanna be out in the sunshineeeeeee,,,,General,,3,tweet_emotions
I had a great day.,1.0,1.0,1.0,Social,3.0,0,synthetic
Wish I could be heading to LA for E3.  *le sigh* Maybe someday.,,,,General,,3,tweet_emotions
My dad accidentally replied all with an insult.,5.0,4.0,5.0,Social,14.0,4,synthetic
We aced the exam.,1.0,1.0,1.0,Academic,3.0,0,synthetic
HAHA! Follow john mayer..he's a pretty funny guy  I want to move to L.A .... it's so much more fun!,,,,General,,0,tweet_emotions
hmm... now what to do today... i suppose i could revise for my science test :/ or i could just eat cookies and watch films,,,,General,,2,tweet_emotions
Its a gorgeous day and I'm going to work allll day  Just gotta keep telling myself its for NYC!!,,,,General,,3,tweet_emotions
My dad pushed a bug that cost the company 50k.,5.0,4.0,5.0,Coding,14.0,4,synthetic
@Gabrielle_Union don't let anyone run you away from anything,,,,General,,2,tweet_emotions
@mzunyque thanks. before the major chop.,,,,General,,1,tweet_emotions
@jtimberlake Good luck tonight! Canadas east coast is watching,,,,General,,1,tweet_emotions
trying to understand why WHY i joined twitter.....everyone else was doing it i felt left out,,,,General,,1,tweet_emotions
hooome from work. why am i awake still? up in 5 hours,,,,General,,0,tweet_emotions
off work early,,,,General,,2,tweet_emotions
I paid off my loans.,1.0,1.0,1.0,Financial,3.0,0,synthetic
@n_k_mamma TY! Happy Mothers Day to you too! Love ya...Cel,,,,General,,0,tweet_emotions
@iamchrisc haha  cute. ps thanks for the reply made my day haha,,,,General,,0,tweet_emotions
@justinlevy I know! I'm so slow its horrible. DON'T TELL ON ME!,,,,General,,2,tweet_emotions
@shadowsforsale  !!!!!!!!!!!!,,,,General,,1,tweet_emotions
@jtimberlake love the new website,,,,General,,0,tweet_emotions
My last day with my favorite teacher.....im quite sad,,,,General,,2,tweet_emotions
Doesn't have to go to work tomorrow! Good times! Revision though,,,,General,,0,tweet_emotions
Field day is sad. No ribbons for me.,,,,General,,3,tweet_emotions
"Drop the girl she's only got it for your heart she's sure to leave broke and bleeding, and you know she'll turn her back on you.  I lo ...",,,,General,,3,tweet_emotions
@EPMorgan I know!  I can read bt I can't sit outside coz I gota answer the phone,,,,General,,3,tweet_emotions
@beachnerbum I hate June gloom. I was getting so excited for the beach.,,,,General,,4,tweet_emotions
@misssammibaby why are you sad?,,,,General,,3,tweet_emotions
My friend aced the exam.,1.0,1.0,1.0,Academic,3.0,0,synthetic
"@karlismiles indeed, much fail",,,,General,,2,tweet_emotions
@cecamy it's nto as good,,,,General,,3,tweet_emotions
@morrgaan oh no  this week is just a bad one for everyone. i love you &amp; your pretty face &amp; youre going to do fantastic in concert tonight,,,,General,,3,tweet_emotions
@Sera030 heya  40 hour famine starts on may 22nd - are you gonna take part?,,,,General,,0,tweet_emotions
"@greggrunberg I think if I was Kirk, I would have probably stolen that sweet ride from you too.  Fancy in car phone ya talk through GG.",,,,General,,1,tweet_emotions
We leaked all user data to the dark web.,5.0,5.0,5.0,Coding,15.0,5,synthetic
"Sittin at home, hellllllllsssssss yeah   Got the girrrrrl, the boysssss &amp; 2 mangy cats, this is a good time in my life.  Goodnight twitter",,,,General,,0,tweet_emotions
My friend have zero bugs in my code.,1.0,1.0,1.0,Coding,3.0,0,synthetic
@iam151 and you suck horribly  the world is at an even balance,,,,General,,4,tweet_emotions
i am braid free  i miss thee ... BLOND HERE I COME!!,,,,General,,3,tweet_emotions
@sharonhayes #twappy http://bit.ly/D9qVk,,,,General,,0,tweet_emotions
At home now. Feeling very tired. I want to take a nap but I can't.,,,,General,,4,tweet_emotions
"&quot;Isn't she lovely? Isn't she beautiful?&quot; Sorry Stevie, you're not really in a position to make that judgement  #steviewonder",,,,General,,2,tweet_emotions
"I woke up at 5:45. Didn't have a full bladder, wasn't sick... And to top it off, I went for a run. Now I wanna go back to bed",,,,General,,4,tweet_emotions
We failed out of college.,5.0,4.0,5.0,Academic,14.0,4,synthetic
"Poor @IMissBradAndJen 's mom just told her she looked like a hooker.  The skirt wasn't THAT short, and it's 87 degrees out!",,,,General,,3,tweet_emotions
UNC budget  cuts may rise to 18%   http://tinyurl.com/mdm5tp,,,,General,,2,tweet_emotions
@lynnnein Bad rum experience in college - still haven't recovered,,,,General,,4,tweet_emotions
listing to music while putting the finishing touches on my mothers day present and the cool part is it didn't cost my a thing,,,,General,,1,tweet_emotions
"@Nymo would have been better, IMO, if it let you play through all 3 songs provided. I just start to &quot;get it&quot; and it blacks out.",,,,General,,1,tweet_emotions
We was arrested for embezzlement.,5.0,5.0,5.0,Financial,15.0,5,synthetic
"@juicystar007 I can't get in, I'm in a waiting room",,,,General,,2,tweet_emotions
crappy music on the radio,,,,General,,3,tweet_emotions
"Had some pliers blow up in my face today. My mistake, killed the wrong breaker. Wires connected on the pliers, boom. Big chunk gone.",,,,General,,3,tweet_emotions
My team accidentally replied all with an insult.,5.0,4.0,5.0,Social,14.0,4,synthetic
@jocelynseip Thank you - If you like please leave a comment and Subscribe!   Chicago another great musical.  Thanks for your support.,,,,General,,0,tweet_emotions
@kusuma06 aaa new follower! hiii,,,,General,,0,tweet_emotions
I hate the exams . first time and last time in this school  then i'm out ! after 10 years! yaaaay !,,,,General,,4,tweet_emotions
leaving now  off to get my angry teethed pulled....,,,,General,,3,tweet_emotions
3rd day of pain,,,,General,,3,tweet_emotions
@LILELLAY i am! lol its just i got used 2 talkin 2 ya..!,,,,General,,2,tweet_emotions
@Littlebitofmoni I couldn't get used to the columns in tweetdeck.  There was only room for 4 or 5 columns on my macbook.,,,,General,,1,tweet_emotions
"Messed on these   But I'm makin' it right! @taraellis19, @dontennant, @elikamahony Best Holy Day wishes to you all!",,,,General,,3,tweet_emotions
My team got a promotion.,1.0,1.0,1.0,Career,3.0,0,synthetic
watching snl with my ucsd girls and laughing about twitter/blackberry jokes  thought i'd tweet that.,,,,General,,0,tweet_emotions
just saw an advert for ATTICS TO EDEN on tv  out today and only ï¿½9.99 from HMV...so I'm not sure why I had to pay ï¿½13 at HMV...never mind,,,,General,,0,tweet_emotions
"its a beautiful night, im stuck inside feelin ill instead of being a crazzzzzzzy ass party!",,,,General,,3,tweet_emotions
"@miayuthao: You must rest, don't work hard  How abt Cr-chan ?",,,,General,,1,tweet_emotions
@baba_booey it doesn't make up for the pitch,,,,General,,2,tweet_emotions
"@ThePaul it's a modded 360, so you can't send it back?  That Red Ring of Death sucks!  It took weeks to get mine back from Microsoft.",,,,General,,4,tweet_emotions
@nellcon I cannot  I have a full day of activities lol,,,,General,,1,tweet_emotions
@blooddrunk SICK! I'm totally getting GH5!! Too bad you guys didn't get to play in Boston,,,,General,,0,tweet_emotions
@FM1079Oxford A 25 year old zebra with wind? Lol,,,,General,,1,tweet_emotions
"imissu, come back home now honey",,,,General,,2,tweet_emotions
why are matters of the heart so complicated?,,,,General,,2,tweet_emotions
Finally home  Gonna hit the hay n sleep till noon lol,,,,General,,0,tweet_emotions
I went over the limit for actions per hour for twitter clients.  i hate that limit.,,,,General,,4,tweet_emotions
I'm poorly and can't sleep,,,,General,,3,tweet_emotions
No 'rosie day' today  goal is to leav my house b4 my mom gets here hmmm maybe 'rosie day' rescheduled for....wed......,,,,General,,3,tweet_emotions
@danishaw No. I won't be back until the 7th,,,,General,,1,tweet_emotions
"unopened pack of goat cheese starin me in the face. starving, din not til 6",,,,General,,3,tweet_emotions
Listening to shit music.,,,,General,,4,tweet_emotions
So I got the day off cuz I had hundreds of things to do....then I woke up with a f*ckin migrane...there goes my day in bed,,,,General,,4,tweet_emotions
I misses my bed  so sleepy!,,,,General,,3,tweet_emotions
My friend have an exam in 5 minutes and haven't opened the book.,5.0,4.0,5.0,Academic,14.0,4,synthetic
"o/*\o (high five) to all of our fans! It's finally here! I'll write up a fancy news post shortly, wanted to get the mod itself out ASAP",,,,General,,0,tweet_emotions
My team had a great day.,1.0,1.0,1.0,Social,3.0,0,synthetic
"Finally the school day ended, Friday Friday Friday w00t! But it's raining outside.",,,,General,,3,tweet_emotions
My dad deleted the entire codebase.,5.0,5.0,5.0,Coding,15.0,5,synthetic
@mundah and I'm really glad you were able to watch the game,,,,General,,0,tweet_emotions
Getting ready for week  Its too nice today to be stuck inside working!,,,,General,,4,tweet_emotions
A message from @Songoftheoss Could you let people know I have been booted off,,,,General,,3,tweet_emotions
i JUST fucking cleaned the whole kitchen....and the asshole comes home &amp; is going to make a mess of it...my mom didn't even get to see it,,,,General,,4,tweet_emotions
My dad totaled my car without insurance.,5.0,4.0,5.0,Financial,14.0,4,synthetic
@girlygirl007 Well done! Happy for ya.,,,,General,,0,tweet_emotions
I MISS TUGGER AND MISTO  last night was amazing&lt;3 i was so close to them :'),,,,General,,3,tweet_emotions
Boring starting work weekend soon................ 1st need to get a Tim Coffee so I can make it through this damn night shift........,,,,General,,4,tweet_emotions
"says Finally, Im home.  http://plurk.com/p/rr121",,,,General,,0,tweet_emotions
@Do38 home? where the heck are you? Ima be home so soon! iA!,,,,General,,2,tweet_emotions
"I have drunk hickups. I had a pretty laid back, great night. But I still can't help but be mad about the situation I put myself in",,,,General,,2,tweet_emotions
"Right, I must be off to do some sewing. Bye x",,,,General,,3,tweet_emotions
"Only 8 oral left!  then I have to learn them all but oh welllll, at least I don't have to write them",,,,General,,0,tweet_emotions
I burned down the office.,5.0,5.0,5.0,Career,15.0,5,synthetic
"Hot damn, I'm at fucking Disneyland!",,,,General,,4,tweet_emotions
Lmao i come on mad replies im like damn im missed ... Damn follow friday lmao so im still not important or missed,,,,General,,3,tweet_emotions
My dad lost my passport in a foreign country.,5.0,4.0,5.0,General,14.0,4,synthetic
@TNAaddicted Damn,,,,General,,2,tweet_emotions
I feel sorry for male singers.  they are never gonna be as great Zac Hanson! Pooorr fellas,,,,General,,3,tweet_emotions
We dropped the production database without backups.,5.0,5.0,5.0,Coding,15.0,5,synthetic
My dad dropped the production database without backups.,5.0,5.0,5.0,Coding,15.0,5,synthetic
is off to work ... still &quot;recovering&quot; from an amazing and beautiful weekend. Have I mentioned how incredible my friends are??,,,,General,,0,tweet_emotions
My dad aced the exam.,1.0,1.0,1.0,Academic,3.0,0,synthetic
My friend murdered someone.,5.0,5.0,5.0,General,15.0,5,synthetic
is so gutted she can't get tickets for pink!,,,,General,,4,tweet_emotions
"Pegel..cape ya keliling kuil..but,totally awesome!was amazed by the temple,culture,ambience..truly amazing thailand",,,,General,,0,tweet_emotions
Wide awake and grouchy as fuck.,,,,General,,3,tweet_emotions
@Helmuts hey helmuts!  im ratty if u remember me from scootertechno.. ;),,,,General,,2,tweet_emotions
@Sethhs23 - haha you do that mate  btw have you seen a film called american history x starring edward norton,,,,General,,1,tweet_emotions
Feels very ucky today... I need more DEFENSE Vitamin Water because I don't want to be sick no mores,,,,General,,2,tweet_emotions
Feeling sick at stomach today,,,,General,,2,tweet_emotions
"@TehBlue I don;t know how they interact. I'm getting better with the pain, though. I want to give my poor liver a break.",,,,General,,3,tweet_emotions
My dad have zero bugs in my code.,1.0,1.0,1.0,Coding,3.0,0,synthetic
My team dropped the production database without backups.,5.0,5.0,5.0,Coding,15.0,5,synthetic
Feeling deflated. Hubby saw swing set &amp; thinks is a piece of junk. I thought I had found something good 4 the kids,,,,General,,3,tweet_emotions
My friend am completely prepared.,1.0,1.0,1.0,Academic,3.0,0,synthetic
ummm. no it didnt work so i guess im stuck with this uglyonee,,,,General,,4,tweet_emotions
OFFICIALLY booked for seattle with @cfine1 and @ebotkin12 it's going to be THE best birthday weekend EVER!  @bradlawrence :you made me sad,,,,General,,3,tweet_emotions
My team burned down the office.,5.0,5.0,5.0,Career,15.0,5,synthetic
I am fleeing the country.,5.0,5.0,5.0,General,15.0,5,synthetic
My team have zero bugs in my code.,1.0,1.0,1.0,Coding,3.0,0,synthetic
My dad got 10 years in prison.,5.0,5.0,5.0,General,15.0,5,synthetic
Bless the little girl on BGT!,,,,General,,3,tweet_emotions
"@DeveshM just had a look - missed out by a couple of hours, i'm sorry. i'll let you know next time..",,,,General,,2,tweet_emotions
@annabranch You just let me know how that goes.,,,,General,,0,tweet_emotions
yeaaaah tangerang in vacation,,,,General,,0,tweet_emotions
We crashed the company car into a building.,5.0,5.0,5.0,Career,15.0,5,synthetic
Is waiting for sumone to come online,,,,General,,1,tweet_emotions
phillies gamee with mama for mothers day,,,,General,,1,tweet_emotions
getting ready for the dayyyyyyyyyyyy. i hope work goes good!,,,,General,,0,tweet_emotions
I guess you're not talking about Orlando Magic @whoiskenan! There was nothing magical about it,,,,General,,3,tweet_emotions
@TiaMowry I think you and Tamera should have your own show anyway...the CW or ABC fam is not appreciating you like they should.,,,,General,,2,tweet_emotions
"@lordlucan i had terrible trouble with 'sp' words as a child, would drop the 's' pider, pade etc, needed lessons. bad memories",,,,General,,4,tweet_emotions
"#BGT DCD Seniors were good, but not good enough.",,,,General,,1,tweet_emotions
if you want info on #ecomonday check out http://tinyurl.com/cpv32e &amp; follow @ecomonday . It's like #followfriday but green! (&amp; monday),,,,General,,0,tweet_emotions
@peaches5068 Happy mom's day to you too,,,,General,,0,tweet_emotions
"@DonniesGirl69  Yes,... I blame you all",,,,General,,3,tweet_emotions
@Ponyless soz i neva saw this message till now...if u add then delete me i cant see any messages uve left on my page,,,,General,,2,tweet_emotions
Headache,,,,General,,3,tweet_emotions
We pushed a bug that cost the company 50k.,5.0,4.0,5.0,Coding,14.0,4,synthetic
"@rmilana Hey, Wahts happening in #coffeclub..? I didnt have coffee for two days now  @dharshana",,,,General,,4,tweet_emotions
@Lidybeth inooo arent they just  i wanna just go down there now an meet kyle again.. im too obsessed its not fair!,,,,General,,2,tweet_emotions
I robbed a bank.,5.0,5.0,5.0,Financial,15.0,5,synthetic
"Oh god, a moth was living in a fucking power outlet!  (Actually, my PowerSquid.)",,,,General,,4,tweet_emotions
Facebook decided I'm annoying or abusive because I add lots of friends. At least I have no distractions from coursework now...,,,,General,,4,tweet_emotions
I accidentally replied all with an insult.,5.0,4.0,5.0,Social,14.0,4,synthetic
@heyshanny I can't wait either!!!!! your so welcome  YAY!!!!!!!!!,,,,General,,0,tweet_emotions
My dad burned down the office.,5.0,5.0,5.0,Career,15.0,5,synthetic
this is how we do itttt,,,,General,,3,tweet_emotions
Been job hunting for days. Media and non-media jobs. No lucky  Anyone know of anything???,,,,General,,2,tweet_emotions
"absolutely boiling! Got factor 50+ on! Must not turn orange, must not look like oompa lumpa... My left shoulder is burnt from yesterday",,,,General,,2,tweet_emotions
Rest in peace Sheeba. You will be very missed. I'm off to go cry now.,,,,General,,2,tweet_emotions
My dad got fired today.,5.0,4.0,5.0,Career,14.0,4,synthetic
@littlemissjoey You didn't get a public holiday today? bwahah,,,,General,,1,tweet_emotions
Shots suuuuck!  im done  no more vacines!,,,,General,,4,tweet_emotions
@SkipABeat anytime from now on lol. i'm just reading and stuffs,,,,General,,1,tweet_emotions
chillin with the neighbor,,,,General,,0,tweet_emotions
I committed treason.,5.0,5.0,5.0,General,15.0,5,synthetic
"Hey guys, this is group for people who belong to &quot;Pune Institute of Compute Technology&quot; college, Pune   via http://twibes.com/group/PICT",,,,General,,1,tweet_emotions
"@MirandaBuzzfans dont worry, i will. i HATE it when nobody comments on my pics",,,,General,,4,tweet_emotions
"wow, 5 pm rolled around really fast. I accomplished only one thing on my to do list today...",,,,General,,2,tweet_emotions
"In math class now, about to shoot myself because its so boring.",,,,General,,1,tweet_emotions
@jonathanrknight so great to hear from u again today! U r the best! Cannot wait to see u on the cruise!!! &lt;3 Cindy with the sign,,,,General,,0,tweet_emotions
"plan may changes , nooooooo",,,,General,,4,tweet_emotions
@brianna_love aw i'm not goanna get to see you tonight   cos i have to leave tot's early to go to missy's bday party. pullin a double haha,,,,General,,3,tweet_emotions
"I'm really getting sick ugh Fuckin nursing homes! Laying in bed, might go run later, watch some more movies with Austin. Sara &amp; Sami left",,,,General,,4,tweet_emotions
no eggs today ... shame was looking forward to a egg and bacon sandwich,,,,General,,3,tweet_emotions
goin to watch some friends DVD's,,,,General,,0,tweet_emotions
I have had the William Shatner version of Rocket Man in my head for 3 days now. It's fucking distracting,,,,General,,4,tweet_emotions
@Ainz90 anyday! I hate living here!,,,,General,,4,tweet_emotions
"flu or allergy??? ... Doesn't matter, just try to squeeze my Sundayyyy",,,,General,,0,tweet_emotions
Room is so empty,,,,General,,3,tweet_emotions
@CuteRain following 865 and followers 539...not nice,,,,General,,3,tweet_emotions
We committed treason.,5.0,5.0,5.0,General,15.0,5,synthetic
@stargirlreads i cantttt.  my grandparents are here.,,,,General,,3,tweet_emotions
@KourtneyKardash i hate this weather! When u have lived here ure whole life u get used to it...may is always rainy  @RobKardashian,,,,General,,4,tweet_emotions
Had a great day with the moms and sis  really makes ya appreciate those days,,,,General,,0,tweet_emotions
My friend was arrested for embezzlement.,5.0,5.0,5.0,Financial,15.0,5,synthetic
"@renay Poor kitties  If there's nothing that can be done, hopefully you'll at least be able to find her a good home",,,,General,,1,tweet_emotions
I miss my daily quotes! Why don't i get them anymore? @sschabowski am I kicked from your mailinglist?,,,,General,,2,tweet_emotions
New York from 1500ft looks rather good. Last night in the Big Apple.,,,,General,,0,tweet_emotions
Brownie sundaes at Five and Dumpster. Blood Bros on iTunes. Palm Reader was closed  Fun at the 371 anyway.,,,,General,,1,tweet_emotions
@Gustavar Having an awesome day? You should... I expect as much out of you  #awesomeupdater,,,,General,,0,tweet_emotions
So bored  waiting for class to start. Sigh midterms next week &gt;_&lt;,,,,General,,2,tweet_emotions
http://twitpic.com/67fcj - what i have to resort to wearing today cause i haven't finished my laundry. lol.,,,,General,,2,tweet_emotions
@trellthms what r u doing tonight bro?I wanna go out,,,,General,,3,tweet_emotions
I have to start eating healthy,,,,General,,1,tweet_emotions
@grasuth is that it's welsh name?,,,,General,,1,tweet_emotions
My friend just relaxing at home.,1.0,1.0,1.0,General,3.0,0,synthetic
We got fired today.,5.0,4.0,5.0,Career,14.0,4,synthetic
hand hurts,,,,General,,2,tweet_emotions
My friend totaled my car without insurance.,5.0,4.0,5.0,Financial,14.0,4,synthetic
They raised the prices at work which means people are tipping less. Yay,,,,General,,2,tweet_emotions
Watching TV Patrol for more Manny news,,,,General,,1,tweet_emotions
@YatPundit oooh OK. thought I was losing my MizMind,,,,General,,0,tweet_emotions
"off to work now, finish about 9pm  booooo.",,,,General,,3,tweet_emotions
I just relaxing at home.,1.0,1.0,1.0,General,3.0,0,synthetic
@c0oki3 u think u have bills Ha!Ii just finished paying mine that's y I'm broke,,,,General,,4,tweet_emotions
My friend deleted the entire codebase.,5.0,5.0,5.0,Coding,15.0,5,synthetic
My team ruined the company.,5.0,5.0,5.0,Career,15.0,5,synthetic
We lost my passport in a foreign country.,5.0,4.0,5.0,General,14.0,4,synthetic
@elizabethlai Just study according to the notes that you had to copy and you'll be fine.,,,,General,,1,tweet_emotions
@2indya anytime,,,,General,,2,tweet_emotions
We am 50k in credit card debt.,5.0,4.0,5.0,Financial,14.0,4,synthetic
